{"version":1,"rules":[{"condition":{"type":"group","definition":{"logic":"and","conditions":[{"type":"group","definition":{"logic":"or","conditions":[{"type":"group","definition":{"logic":"and","conditions":[{"type":"matcher","definition":{"key":"~type","matcher":"eq","values":["com.adobe.eventType.generic.track"]}},{"type":"matcher","definition":{"key":"~source","matcher":"eq","values":["com.adobe.eventSource.requestContent"]}},{"type":"matcher","definition":{"key":"action","matcher":"eq","values":["bundled_trigger_postback"]}}]}}]}}]}},"consequences":[{"id":"RC631c0260638c42c6ad2ea89fa196ade1","type":"pb","detail":{"timeout":0,"templateurl":"https://www.adobe.com/test_for_remote_rules"}}]}]}